File_Ver,Ver01,Femtet_2019.1
端子数,3
環境列数,3
その他列数,2

端子間熱流量
,MAINCHIP,SUBCHIP,外部境界条件,環境[対流],環境[輻射],環境[熱伝達],その他[温度境界],その他[熱流束境界],発熱
MAINCHIP,0.000000e+00,4.206263e-13,2.000000e-01,0.000000e+00,0.000000e+00,0.000000e+00,0.000000e+00,0.000000e+00,2.000000e-01
SUBCHIP,-4.206263e-13,0.000000e+00,1.000000e-01,0.000000e+00,0.000000e+00,0.000000e+00,0.000000e+00,0.000000e+00,1.000000e-01
外部境界条件,-2.000000e-01,-1.000000e-01,0.000000e+00,3.000000e-01,0.000000e+00,0.000000e+00,0.000000e+00,0.000000e+00,-0.000000e+00

端子間熱抵抗
,MAINCHIP,SUBCHIP,外部境界条件,環境[対流],環境[輻射],環境[熱伝達]
MAINCHIP,0.000000e+00,5.872458e+11,3.063530e+00,INF,INF,INF
SUBCHIP,5.872458e+11,0.000000e+00,3.656950e+00,INF,INF,INF
外部境界条件,3.063530e+00,3.656950e+00,0.000000e+00,5.240343e+01,INF,INF

温度
,平均温度,環境温度の数,環境温度
MAINCHIP,4.133373e+01,0,-3.000000e+02
SUBCHIP,4.108672e+01,0,-3.000000e+02
外部境界条件,4.072103e+01,1,2.500000e+01
